197706638562562048,MasterChefY13,watched black ops trailer agre cuz complain agre
197706630794719232,Sprintinfo,heather reviewing asc metrics group god discusion metrics servicetrender
197706639711801344,sairussairus,posted photo facebok
197706639132999681,Luis701970,twiter starts triping
197706639736979457,Nellypope67,isuportroy sucesful euro
197706620506079234,lovemyfeet,morning working pair sox special friend day starting stinky
197706640160587776,delifreshfood27,posted photo facebok
197706640093487104,MiguelMendez23,god morning twiter today
197706643457323008,Namosofts,fre itunes april music single wek home michael kiwanuka download itu
197706643696386049,MCJunkie,ipad giveaway hit folowers folow
197706643813830658,CallieCapo,hunterhayesbabe live streaming hunter hayes today
197706643830611969,_emmamcfarlaneX,mylifeisganja wits wae twiter
197706644317151233,samuelquinto,samuel quinto trio salsa
197706647580327938,CelineFollese,found justin girlfriend twiter edit profile lol
197706647748096000,mandysezz,talk boyfriend twiter talking phone
197706648167514112,__ThatsWright,bit aple sign
197706648373051392,peytonpearson,kaybuscus shout twiter youtube toby katers olga
197706648658255873,ramy0809,give firetruck oline facebok stores taged firetrucking stuf sel
197706648524038144,smaya93,join live unpacked dawn galaxy revealed
197706649258049536,DebraGriffin6,megustariatener maria remove types images coming site
197706649308381184,igaurav430,posted photo facebok
197706651879489536,ScottZillarrr,wuhey rain
197706651879477248,steaadytriippin,start conversation twiter guys
197706652135342082,nickala_lanae,aint meant twiter people hyped leting ish
197706652328271873,SkinnyBassist,set fire rain
197706652827385857,MyHolylandOrg,posted photo facebok
197706652961619968,Ahmad__Hussain,woah find
197706653162942464,cooliekartel,morning twiter
197706652865146880,SefKombo,backing facing boks loging facebok funy
197706648977014784,marybeange,fucking awesome
197706656010862592,AtikahWidarti,close facebok acount facebok iluminati satanic mark zuckerberg world youtube
197706655666933761,fuck4dahmer,lol twiter teling folow itsjacoble hah
197706656359002112,rdavies21,youtube video reveal trailer oficial cal black ops
197706656438685696,Gastiantonini,rain
197706655352373248,saurav_saus,posted photo facebok
